,SpaceX
2026-04-11,8726
2026-04-12,5097
2026-04-13,4459
2026-04-14,4269
2026-04-15,3850
2026-04-16,3643
2026-04-17,3607
2026-04-18,2967
2026-04-19,3211
2026-04-20,3648
2026-04-21,3696
2026-04-22,4101
2026-04-23,3669
2026-04-24,2951
2026-04-25,2578
2026-04-26,2532
2026-04-27,3163
2026-04-28,3112
2026-04-29,3382
2026-04-30,3134
2026-05-01,3051
2026-05-02,2885
2026-05-03,2526
2026-05-04,2884
2026-05-05,2757
2026-05-06,3388
2026-05-07,3367
2026-05-08,3025
2026-05-09,2456
2026-05-10,2958
2026-05-11,3064
2026-05-12,2968
2026-05-13,3146
2026-05-14,3213
2026-05-15,3469
2026-05-16,3450
2026-05-17,3152
2026-05-18,3828
2026-05-19,3751
2026-05-20,5004
2026-05-21,8993
2026-05-22,7126
2026-05-23,6768
2026-05-24,5009
2026-05-25,4608
2026-05-26,5215
2026-05-27,5103
2026-05-28,4728
2026-05-29,7831
2026-05-30,4694
2026-05-31,4004
2026-06-01,4618
2026-06-02,5079
2026-06-03,5658
2026-06-04,8814
2026-06-05,8204
2026-06-06,6757
2026-06-07,6549
2026-06-08,8174
2026-06-09,9123
2026-06-10,9639
2026-06-11,13842
2026-06-12,77880
2026-06-13,44435
2026-06-14,24348
2026-06-15,24932
2026-06-16,29723
2026-06-17,20574
2026-06-18,14747
2026-06-19,10799
2026-06-20,7446
2026-06-21,6872
2026-06-22,8736
2026-06-23,9404
2026-06-24,7938
2026-06-25,6203
2026-06-26,5206
2026-06-27,4118
2026-06-28,3976
2026-06-29,4807
2026-06-30,4327
2026-07-01,4218
2026-07-02,3859
2026-07-03,3328
2026-07-04,2901
2026-07-05,3025
2026-07-06,3782
2026-07-07,4549
2026-07-08,4079
2026-07-09,4224
2026-07-10,3816
2026-07-11,3183
2026-07-12,3151
2026-07-13,4122
2026-07-14,4538
2026-07-15,4501
2026-07-16,4882
2026-07-17,4653
2026-07-18,3926
2026-07-19,3206
2026-07-20,3711
2026-07-21,3747
2026-07-22,3805
2026-07-23,4333
2026-07-24,4274
2026-07-25,4121
2026-07-26,3198
2026-07-27,4193
2026-07-28,4003
2026-07-29,3479
2026-07-30,3355
2026-07-31,3195
2026-08-01,3063
2026-08-02,2737
2026-08-03,3559
2026-08-04,4847
2026-08-05,6823
2026-08-06,5090
2026-08-07,3767
2026-08-08,2957
2026-08-09,2800
2026-08-10,3416
2026-08-11,3379
2026-08-12,3477
2026-08-13,3489
2026-08-14,3547
2026-08-15,2940
2026-08-16,2900
2026-08-17,3289
2026-08-18,3137
2026-08-19,3207
2026-08-20,3088
2026-08-21,2924
2026-08-22,2509
2026-08-23,2610
2026-08-24,3126
2026-08-25,3809
2026-08-26,3620
2026-08-27,3006
2026-08-28,2774
2026-08-29,2554
2026-08-30,3185
2026-08-31,2954
2026-09-01,2966
2026-09-02,2935
2026-09-03,2860
2026-09-04,2798
2026-09-05,2415
2026-09-06,2543
2026-09-07,2688
2026-09-08,2903
2026-09-09,2811
2026-09-10,2997
2026-09-11,2689
2026-09-12,2492
2026-09-13,2554
2026-09-14,2872
2026-09-15,2956
2026-09-16,2919
2026-09-17,2893
2026-09-18,2688
2026-09-19,2457
2026-09-20,2399
2026-09-21,2775
2026-09-22,2857
2026-09-23,2581
2026-09-24,2716
2026-09-25,2660
2026-09-26,2403
2026-09-27,2442
2026-09-28,5697
2026-09-29,4391
2026-09-30,3282
2026-10-01,4083
2026-10-02,3392
2026-10-03,2787
2026-10-04,2867
2026-10-05,3442
2026-10-06,3332
2026-10-07,3143
